{
    "name": "root",
    "metadata": {
        "timer_format_version": "0.1.0",
        "start_time_seconds": "1684520440",
        "python_version": "3.9.13 (tags/v3.9.13:6de2ca5, May 17 2022, 16:36:42) [MSC v.1929 64 bit (AMD64)]",
        "command_line_arguments": "C:\\Users\\ArSMa\\Desktop\\AI-Traffic-Simulation\\AI-Traffic-Simulation-And-Infrastracture-Building-System\\venv\\Scripts\\mlagents-learn --run-id=CarTest2",
        "mlagents_version": "0.30.0",
        "mlagents_envs_version": "0.30.0",
        "communication_protocol_version": "1.5.0",
        "pytorch_version": "1.7.1+cu110",
        "numpy_version": "1.21.2",
        "end_time_seconds": "1684520646"
    },
    "total": 206.6292186,
    "count": 1,
    "self": 10.004783700000019,
    "children": {
        "run_training.setup": {
            "total": 0.0777791000000001,
            "count": 1,
            "self": 0.0777791000000001
        },
        "TrainerController.start_learning": {
            "total": 196.5466558,
            "count": 1,
            "self": 0.16339750000065578,
            "children": {
                "TrainerController._reset_env": {
                    "total": 5.9079201,
                    "count": 1,
                    "self": 5.9079201
                },
                "TrainerController.advance": {
                    "total": 190.34988409999931,
                    "count": 13117,
                    "self": 0.14085129999887158,
                    "children": {
                        "env_step": {
                            "total": 182.12371809999973,
                            "count": 13117,
                            "self": 139.1579099000031,
                            "children": {
                                "SubprocessEnvManager._take_step": {
                                    "total": 42.86562159999838,
                                    "count": 13119,
                                    "self": 0.47133909999880075,
                                    "children": {
                                        "TorchPolicy.evaluate": {
                                            "total": 42.394282499999576,
                                            "count": 13119,
                                            "self": 42.394282499999576
                                        }
                                    }
                                },
                                "workers": {
                                    "total": 0.10018659999826252,
                                    "count": 13116,
                                    "self": 0.0,
                                    "children": {
                                        "worker_root": {
                                            "total": 114.1763387999999,
                                            "count": 13116,
                                            "is_parallel": true,
                                            "self": 60.06373419999985,
                                            "children": {
                                                "steps_from_proto": {
                                                    "total": 0.0010961000000007104,
                                                    "count": 3,
                                                    "is_parallel": true,
                                                    "self": 0.00048670000000683444,
                                                    "children": {
                                                        "_process_rank_one_or_two_observation": {
                                                            "total": 0.000609399999993876,
                                                            "count": 12,
                                                            "is_parallel": true,
                                                            "self": 0.000609399999993876
                                                        }
                                                    }
                                                },
                                                "UnityEnvironment.step": {
                                                    "total": 54.11150850000005,
                                                    "count": 13116,
                                                    "is_parallel": true,
                                                    "self": 0.7513053999994312,
                                                    "children": {
                                                        "UnityEnvironment._generate_step_input": {
                                                            "total": 0.7770998999999623,
                                                            "count": 13116,
                                                            "is_parallel": true,
                                                            "self": 0.7770998999999623
                                                        },
                                                        "communicator.exchange": {
                                                            "total": 50.05651250000064,
                                                            "count": 13116,
                                                            "is_parallel": true,
                                                            "self": 50.05651250000064
                                                        },
                                                        "steps_from_proto": {
                                                            "total": 2.5265907000000105,
                                                            "count": 13116,
                                                            "is_parallel": true,
                                                            "self": 1.2752938999988253,
                                                            "children": {
                                                                "_process_rank_one_or_two_observation": {
                                                                    "total": 1.2512968000011853,
                                                                    "count": 52464,
                                                                    "is_parallel": true,
                                                                    "self": 1.2512968000011853
                                                                }
                                                            }
                                                        }
                                                    }
                                                }
                                            }
                                        }
                                    }
                                }
                            }
                        },
                        "trainer_advance": {
                            "total": 8.085314700000701,
                            "count": 13116,
                            "self": 0.17808169999922452,
                            "children": {
                                "process_trajectory": {
                                    "total": 2.5852853000014813,
                                    "count": 13116,
                                    "self": 2.5852853000014813
                                },
                                "_update_policy": {
                                    "total": 5.3219476999999955,
                                    "count": 3,
                                    "self": 3.9125828999999293,
                                    "children": {
                                        "TorchPPOOptimizer.update": {
                                            "total": 1.4093648000000663,
                                            "count": 90,