{
    "name": "root",
    "metadata": {
        "timer_format_version": "0.1.0",
        "start_time_seconds": "1684545569",
        "python_version": "3.9.13 (tags/v3.9.13:6de2ca5, May 17 2022, 16:36:42) [MSC v.1929 64 bit (AMD64)]",
        "command_line_arguments": "C:\\Users\\ArSMa\\Desktop\\AI-Traffic-Simulation\\AI-Traffic-Simulation-And-Infrastracture-Building-System\\venv\\Scripts\\mlagents-learn --run-id=NewTest2",
        "mlagents_version": "0.30.0",
        "mlagents_envs_version": "0.30.0",
        "communication_protocol_version": "1.5.0",
        "pytorch_version": "1.7.1+cu110",
        "numpy_version": "1.21.2",
        "end_time_seconds": "1684545674"
    },
    "total": 104.3341281,
    "count": 1,
    "self": 0.005413899999993532,
    "children": {
        "run_training.setup": {
            "total": 0.08122689999999999,
            "count": 1,
            "self": 0.08122689999999999
        },
        "TrainerController.start_learning": {
            "total": 104.2474873,
            "count": 1,
            "self": 0.06931399999979249,
            "children": {
                "TrainerController._reset_env": {
                    "total": 7.212417100000001,
                    "count": 1,
                    "self": 7.212417100000001
                },
                "TrainerController.advance": {
                    "total": 96.85390220000022,
                    "count": 4284,
                    "self": 0.05891419999993275,
                    "children": {
                        "env_step": {
                            "total": 91.39004280000009,
                            "count": 4284,
                            "self": 77.45444850000015,
                            "children": {
                                "SubprocessEnvManager._take_step": {
                                    "total": 13.893615999999849,
                                    "count": 4284,
                                    "self": 0.18871779999990324,
                                    "children": {
                                        "TorchPolicy.evaluate": {
                                            "total": 13.704898199999946,
                                            "count": 4284,
                                            "self": 13.704898199999946
                                        }
                                    }
                                },
                                "workers": {
                                    "total": 0.04197830000008551,
                                    "count": 4283,
                                    "self": 0.0,
                                    "children": {
                                        "worker_root": {
                                            "total": 36.793276499999756,
                                            "count": 4283,
                                            "is_parallel": true,
                                            "self": 24.247081799999737,
                                            "children": {
                                                "steps_from_proto": {
                                                    "total": 0.0005087000000001396,
                                                    "count": 1,
                                                    "is_parallel": true,
                                                    "self": 0.00018820000000019377,
                                                    "children": {
                                                        "_process_rank_one_or_two_observation": {
                                                            "total": 0.00032049999999994583,
                                                            "count": 4,
                                                            "is_parallel": true,
                                                            "self": 0.00032049999999994583
                                                        }
                                                    }
                                                },
                                                "UnityEnvironment.step": {
                                                    "total": 12.545686000000018,
                                                    "count": 4283,
                                                    "is_parallel": true,
                                                    "self": 0.42710329999989405,
                                                    "children": {
                                                        "UnityEnvironment._generate_step_input": {
                                                            "total": 0.4458231000000801,
                                                            "count": 4283,
                                                            "is_parallel": true,
                                                            "self": 0.4458231000000801
                                                        },
                                                        "communicator.exchange": {
                                                            "total": 10.28693660000009,
                                                            "count": 4283,
                                                            "is_parallel": true,
                                                            "self": 10.28693660000009
                                                        },
                                                        "steps_from_proto": {
                                                            "total": 1.385822999999954,
                                                            "count": 4283,
                                                            "is_parallel": true,
                                                            "self": 0.5234065999998387,
                                                            "children": {
                                                                "_process_rank_one_or_two_observation": {
                                                                    "total": 0.8624164000001153,
                                                                    "count": 17132,
                                                                    "is_parallel": true,
                                                                    "self": 0.8624164000001153
                                                                }
                                                            }
                                                        }
                                                    }
                                                }
                                            }
                                        }
                                    }
                                }
                            }
                        },
                        "trainer_advance": {
                            "total": 5.4049452000002045,
                            "count": 4283,
                            "self": 0.0829791000000597,
                            "children": {
                                "process_trajectory": {
                                    "total": 1.80194250000015,
                                    "count": 4283,
                                    "self": 1.80194250000015
                                },
                                "_update_policy": {
                                    "total": 3.5200235999999947,
                                    "count": 2,
                                    "self": 2.7086464999999684,
                                    "children": {
                                        "TorchPPOOptimizer.update": {
                                            "total": 0.8113771000000263,
                                            "count": 60,