{"count":1,"self":41.176841599999996,"total":492.91641669999996,"children":{"InitializeActuators":{"count":24,"self":0.002002,"total":0.002002,"children":null},"InitializeSensors":{"count":24,"self":0.0020017999999999998,"total":0.0060044,"children":{"CreateObservableSensors":{"count":24,"self":0.0040025999999999994,"total":0.0040025999999999994,"children":null}}},"AgentSendState":{"count":45567,"self":12.9853616,"total":21.1953066,"children":{"CollectObservations":{"count":546804,"self":0.08182579999999999,"total":0.08182579999999999,"children":null},"WriteActionMask":{"count":546804,"self":0.101557,"total":0.101557,"children":null},"RequestDecision":{"count":546804,"self":0.6205473,"total":8.0265618,"children":{"AgentInfo.ToProto":{"count":546804,"self":0.62425069999999994,"total":7.4060144999999995,"children":{"GenerateSensorData":{"count":546804,"self":6.1814732,"total":6.7817637999999993,"children":{"RayPerceptionSensor.Perceive":{"count":546804,"self":0.6002906,"total":0.6002906,"children":null}}}}}}}}},"DecideAction":{"count":45567,"self":428.63907839999996,"total":428.63908139999995,"children":null},"AgentAct":{"count":45567,"self":1.8921755999999998,"total":1.8921755,"children":null},"AgentInfo.ToProto":{"count":319,"self":0,"total":0.0040041,"children":{"GenerateSensorData":{"count":319,"self":0.0030039999999999997,"total":0.0040041,"children":{"RayPerceptionSensor.Perceive":{"count":319,"self":0.0010000999999999999,"total":0.0010000999999999999,"children":null}}}}}},"gauges":{"CarDriver.CumulativeReward":{"count":319,"max":10.7398882,"min":-124.891235,"runningAverage":-8.268027,"value":-3.91999555,"weightedAverage":-4.871945}},"metadata":{"timer_format_version":"0.1.0","start_time_seconds":"1686249073","unity_version":"2021.3.20f1","command_line_arguments":"C:\\Program Files\\Unity\\Hub\\Editor\\2021.3.20f1\\Editor\\Unity.exe -projectpath C:\\Users\\ArSMa\\Desktop\\AI-Traffic-Simulation\\AI-Traffic-Simulation-And-Infrastracture-Building-System -useHub -hubIPC -cloudEnvironment production -licensingIpc LicenseClient-ArSMa -hubSessionId 03648c94-95c7-46ac-876a-496452e05226 -accessToken VaVexCeLZuqWO_C-Cj3E4Q457buLuZPKhNkNSAH71qA011f","communication_protocol_version":"1.5.0","com.unity.ml-agents_version":"2.0.1","scene_name":"Training","end_time_seconds":"1686249566"}}