{
    "name": "root",
    "gauges": {
        "CarDriver.Policy.Entropy.mean": {
            "value": 2.1894586086273193,
            "min": 2.1894586086273193,
            "max": 2.1894586086273193,
            "count": 1
        },
        "CarDriver.Policy.Entropy.sum": {
            "value": 109731.28125,
            "min": 109731.28125,
            "max": 109731.28125,
            "count": 1
        },
        "CarDriver.Step.mean": {
            "value": 49981.0,
            "min": 49981.0,
            "max": 49981.0,
            "count": 1
        },
        "CarDriver.Step.sum": {
            "value": 49981.0,
            "min": 49981.0,
            "max": 49981.0,
            "count": 1
        },
        "CarDriver.Policy.ExtrinsicValueEstimate.mean": {
            "value": -0.011696514673531055,
            "min": -0.011696514673531055,
            "max": -0.011696514673531055,
            "count": 1
        },
        "CarDriver.Policy.ExtrinsicValueEstimate.sum": {
            "value": -10.386505126953125,
            "min": -10.386505126953125,
            "max": -10.386505126953125,
            "count": 1
        },
        "CarDriver.Environment.EpisodeLength.mean": {
            "value": 188.578125,
            "min": 188.578125,
            "max": 188.578125,
            "count": 1
        },
        "CarDriver.Environment.EpisodeLength.sum": {
            "value": 48276.0,
            "min": 48276.0,
            "max": 48276.0,
            "count": 1
        },
        "CarDriver.Environment.CumulativeReward.mean": {
            "value": 0.7333333333333333,
            "min": 0.7333333333333333,
            "max": 0.7333333333333333,
            "count": 1
        },
        "CarDriver.Environment.CumulativeReward.sum": {
            "value": 187.0,
            "min": 187.0,
            "max": 187.0,
            "count": 1
        },
        "CarDriver.Policy.ExtrinsicReward.mean": {
            "value": 0.7333333333333333,
            "min": 0.7333333333333333,
            "max": 0.7333333333333333,
            "count": 1
        },
        "CarDriver.Policy.ExtrinsicReward.sum": {
            "value": 187.0,
            "min": 187.0,
            "max": 187.0,
            "count": 1
        },
        "CarDriver.Losses.PolicyLoss.mean": {
            "value": 0.024714669038075954,
            "min": 0.024714669038075954,
            "max": 0.024714669038075954,
            "count": 1
        },
        "CarDriver.Losses.PolicyLoss.sum": {
            "value": 0.09885867615230381,
            "min": 0.09885867615230381,
            "max": 0.09885867615230381,
            "count": 1
        },
        "CarDriver.Losses.ValueLoss.mean": {
            "value": 5.036740251382192,
            "min": 5.036740251382192,
            "max": 5.036740251382192,
            "count": 1
        },
        "CarDriver.Losses.ValueLoss.sum": {
            "value": 20.14696100552877,
            "min": 20.14696100552877,
            "max": 20.14696100552877,
            "count": 1
        },
        "CarDriver.Policy.LearningRate.mean": {
            "value": 0.00028454685515105,
            "min": 0.00028454685515105,
            "max": 0.00028454685515105,
            "count": 1
        },
        "CarDriver.Policy.LearningRate.sum": {
            "value": 0.0011381874206042,
            "min": 0.0011381874206042,
            "max": 0.0011381874206042,
            "count": 1
        },
        "CarDriver.Policy.Epsilon.mean": {
            "value": 0.19484894999999994,
            "min": 0.19484894999999994,
            "max": 0.19484894999999994,
            "count": 1
        },
        "CarDriver.Policy.Epsilon.sum": {
            "value": 0.7793957999999997,
            "min": 0.7793957999999997,
            "max": 0.7793957999999997,
            "count": 1
        },
        "CarDriver.Policy.Beta.mean": {
            "value": 0.0047429626050000005,
            "min": 0.0047429626050000005,
            "max": 0.0047429626050000005,
            "count": 1
        },
        "CarDriver.Policy.Beta.sum": {
            "value": 0.018971850420000002,
            "min": 0.018971850420000002,
            "max": 0.018971850420000002,
            "count": 1
        },
        "CarDriver.IsTraining.mean": {
            "value": 1.0,
            "min": 1.0,
            "max": 1.0,
            "count": 1
        },
        "CarDriver.IsTraining.sum": {
            "value": 1.0,
            "min": 1.0,
            "max": 1.0,
            "count": 1
        }
    },
    "metadata": {
        "timer_format_version": "0.1.0",
        "start_time_seconds": "1684544798",
        "python_version": "3.9.13 (tags/v3.9.13:6de2ca5, May 17 2022, 16:36:42) [MSC v.1929 64 bit (AMD64)]",
        "command_line_arguments": "C:\\Users\\ArSMa\\Desktop\\AI-Traffic-Simulation\\AI-Traffic-Simulation-And-Infrastracture-Building-System\\venv\\Scripts\\mlagents-learn --run-id=NewTest",
        "mlagents_version": "0.30.0",
        "mlagents_envs_version": "0.30.0",
        "communication_protocol_version": "1.5.0",
        "pytorch_version": "1.7.1+cu110",
        "numpy_version": "1.21.2",
        "end_time_seconds": "1684544947"
    },
    "total": 148.80550829999999,
    "count": 1,
    "self": 10.005771100000004,
    "children": {
        "run_training.setup": {
            "total": 0.08642840000000007,
            "count": 1,
            "self": 0.08642840000000007
        },
        "TrainerController.start_learning": {
            "total": 138.7133088,
            "count": 1,
            "self": 0.2268938999999932,
            "children": {
                "TrainerController._reset_env": {
                    "total": 6.259923799999999,
                    "count": 1,
                    "self": 6.259923799999999
                },
                "TrainerController.advance": {
                    "total": 132.1024729,
                    "count": 15134,
                    "self": 0.19372779999972067,
                    "children": {
                        "env_step": {
                            "total": 110.14658160000097,
                            "count": 15134,
                            "self": 63.401771300002196,
                            "children": {
                                "SubprocessEnvManager._take_step": {
                                    "total": 46.60909609999908,
                                    "count": 15135,
                                    "self": 0.6094157999986436,
                                    "children": {
                                        "TorchPolicy.evaluate": {
                                            "total": 45.999680300000435,
                                            "count": 15135,
                                            "self": 45.999680300000435
                                        }
                                    }
                                },
                                "workers": {
                                    "total": 0.13571419999970047,
                                    "count": 15133,
                                    "self": 0.0,
                                    "children": {
                                        "worker_root": {
                                            "total": 120.82590829999994,
                                            "count": 15133,
                                            "is_parallel": true,
                                            "self": 81.37474670000039,
                                            "children": {
                                                "steps_from_proto": {
                                                    "total": 0.0010862999999989853,
                                                    "count": 2,
                                                    "is_parallel": true,
                                                    "self": 0.00041350000000139886,