{
    "name": "root",
    "gauges": {
        "CarDriver.Policy.Entropy.mean": {
            "value": 1.2435795068740845,
            "min": 1.1739076375961304,
            "max": 1.3194133043289185,
            "count": 13
        },
        "CarDriver.Policy.Entropy.sum": {
            "value": 62243.640625,
            "min": 19834.34375,
            "max": 65880.9453125,
            "count": 13
        },
        "CarDriver.Step.mean": {
            "value": 3499946.0,
            "min": 2899952.0,
            "max": 3499946.0,
            "count": 13
        },
        "CarDriver.Step.sum": {
            "value": 3499946.0,
            "min": 2899952.0,
            "max": 3499946.0,
            "count": 13
        },
        "CarDriver.Policy.ExtrinsicValueEstimate.mean": {
            "value": -0.439809650182724,
            "min": -2.6472392082214355,
            "max": -0.439809650182724,
            "count": 13
        },
        "CarDriver.Policy.ExtrinsicValueEstimate.sum": {
            "value": -349.648681640625,
            "min": -2104.55517578125,
            "max": -349.648681640625,
            "count": 13
        },
        "CarDriver.Environment.EpisodeLength.mean": {
            "value": 1625.28125,
            "min": 891.8571428571429,
            "max": 2400.6363636363635,
            "count": 13
        },
        "CarDriver.Environment.EpisodeLength.sum": {
            "value": 52009.0,
            "min": 6243.0,
            "max": 55816.0,
            "count": 13
        },
        "CarDriver.Environment.CumulativeReward.mean": {
            "value": -8.080466319748666,
            "min": -51.15214516861098,
            "max": -5.072164467101296,
            "count": 13
        },
        "CarDriver.Environment.CumulativeReward.sum": {
            "value": -258.5749222319573,
            "min": -1300.5400279257447,
            "max": -152.16493401303887,
            "count": 13
        },
        "CarDriver.Policy.ExtrinsicReward.mean": {
            "value": -8.080466319748666,
            "min": -51.15214516861098,
            "max": -5.072164467101296,
            "count": 13
        },
        "CarDriver.Policy.ExtrinsicReward.sum": {
            "value": -258.5749222319573,
            "min": -1300.5400279257447,
            "max": -152.16493401303887,
            "count": 13
        },
        "CarDriver.Losses.PolicyLoss.mean": {
            "value": 0.02017043878828796,
            "min": 0.02017043878828796,
            "max": 0.026770620727911594,
            "count": 13
        },
        "CarDriver.Losses.PolicyLoss.sum": {
            "value": 0.08068175515315185,
            "min": 0.022801994547868767,
            "max": 0.13385310363955796,
            "count": 13
        },
        "CarDriver.Losses.ValueLoss.mean": {
            "value": 0.191824388752381,
            "min": 0.18284821073214214,
            "max": 0.9741623600323995,
            "count": 13
        },
        "CarDriver.Losses.ValueLoss.sum": {
            "value": 0.767297555009524,
            "min": 0.767297555009524,
            "max": 4.568075335025787,
            "count": 13
        },
        "CarDriver.Policy.LearningRate.mean": {
            "value": 9.149349950218998e-05,
            "min": 9.149349950218998e-05,
            "max": 0.00012635819788061996,
            "count": 13
        },
        "CarDriver.Policy.LearningRate.sum": {
            "value": 0.0003659739980087599,
            "min": 0.00012635819788061996,
            "max": 0.0006225113924962999,
            "count": 13
        },
        "CarDriver.Policy.Epsilon.mean": {
            "value": 0.13049781,
            "min": 0.13049781,
            "max": 0.14211938000000005,
            "count": 13
        },
        "CarDriver.Policy.Epsilon.sum": {
            "value": 0.52199124,
            "min": 0.14211938000000005,
            "max": 0.7075037,
            "count": 13
        },
        "CarDriver.Policy.Beta.mean": {
            "value": 0.0015318407190000006,
            "min": 0.0015318407190000006,
            "max": 0.0021117570620000003,
            "count": 13
        },
        "CarDriver.Policy.Beta.sum": {
            "value": 0.0061273628760000025,
            "min": 0.0021117570620000003,
            "max": 0.01040443463,
            "count": 13
        },
        "CarDriver.IsTraining.mean": {
            "value": 1.0,
            "min": 1.0,
            "max": 1.0,
            "count": 13
        },
        "CarDriver.IsTraining.sum": {
            "value": 1.0,
            "min": 1.0,
            "max": 1.0,
            "count": 13
        }
    },
    "metadata": {
        "timer_format_version": "0.1.0",
        "start_time_seconds": "1686248929",
        "python_version": "3.9.13 (tags/v3.9.13:6de2ca5, May 17 2022, 16:36:42) [MSC v.1929 64 bit (AMD64)]",
        "command_line_arguments": "C:\\Users\\ArSMa\\Desktop\\AI-Traffic-Simulation\\AI-Traffic-Simulation-And-Infrastracture-Building-System\\venv\\Scripts\\mlagents-learn --resume config\\CarDriver.yaml",
        "mlagents_version": "0.30.0",
        "mlagents_envs_version": "0.30.0",
        "communication_protocol_version": "1.5.0",
        "pytorch_version": "1.7.1+cu110",
        "numpy_version": "1.21.2",
        "end_time_seconds": "1686249627"
    },
    "total": 698.0478529,
    "count": 1,
    "self": 0.005202899999972033,
    "children": {
        "run_training.setup": {
            "total": 0.08246400000000009,
            "count": 1,
            "self": 0.08246400000000009
        },
        "TrainerController.start_learning": {
            "total": 697.960186,
            "count": 1,
            "self": 0.7588870000076895,
            "children": {
                "TrainerController._reset_env": {
                    "total": 18.245166400000002,
                    "count": 1,
                    "self": 18.245166400000002
                },
                "TrainerController.advance": {
                    "total": 678.8691218999924,
                    "count": 51684,
                    "self": 0.6450437999834548,
                    "children": {
                        "env_step": {
                            "total": 513.426734599999,
                            "count": 51684,
                            "self": 325.74288950000414,
                            "children": {
                                "SubprocessEnvManager._take_step": {
                                    "total": 187.2369162999924,
                                    "count": 51685,
                                    "self": 2.17935509998631,
                                    "children": {
                                        "TorchPolicy.evaluate": {
                                            "total": 185.0575612000061,
                                            "count": 51685,
                                            "self": 185.0575612000061
                                        }
                                    }
                                },
                                "workers": {
                                    "total": 0.44692880000248536,
                                    "count": 51683,
                                    "self": 0.0,
                                    "children": {
                                        "worker_root": {
                                            "total": 562.6521110000017,
                                            "count": 51683,
                                            "is_parallel": true,
                                            "self": 398.55407920000914,
                                            "children": {
                                                "steps_from_proto": {
                                                    "total": 0.0011659000000037167,
                                                    "count": 2,
                                                    "is_parallel": true,