{
    "name": "root",
    "gauges": {
        "CarDriver.Policy.Entropy.mean": {
            "value": 2.1710779666900635,
            "min": 2.1710779666900635,
            "max": 2.1912455558776855,
            "count": 2
        },
        "CarDriver.Policy.Entropy.sum": {
            "value": 108894.7578125,
            "min": 108894.7578125,
            "max": 110096.9453125,
            "count": 2
        },
        "CarDriver.Step.mean": {
            "value": 99997.0,
            "min": 49945.0,
            "max": 99997.0,
            "count": 2
        },
        "CarDriver.Step.sum": {
            "value": 99997.0,
            "min": 49945.0,
            "max": 99997.0,
            "count": 2
        },
        "CarDriver.Policy.ExtrinsicValueEstimate.mean": {
            "value": -188.85235595703125,
            "min": -188.85235595703125,
            "max": -27.161937713623047,
            "count": 2
        },
        "CarDriver.Policy.ExtrinsicValueEstimate.sum": {
            "value": -147871.390625,
            "min": -147871.390625,
            "max": -21267.796875,
            "count": 2
        },
        "CarDriver.Environment.EpisodeLength.mean": {
            "value": 2816.3333333333335,
            "min": 2816.3333333333335,
            "max": 2819.1666666666665,
            "count": 2
        },
        "CarDriver.Environment.EpisodeLength.sum": {
            "value": 8449.0,
            "min": 8449.0,
            "max": 16915.0,
            "count": 2
        },
        "CarDriver.Environment.CumulativeReward.mean": {
            "value": -6249.666666666667,
            "min": -6249.666666666667,
            "max": -3060.3333333333335,
            "count": 2
        },
        "CarDriver.Environment.CumulativeReward.sum": {
            "value": -18749.0,
            "min": -18749.0,
            "max": -18362.0,
            "count": 2
        },
        "CarDriver.Policy.ExtrinsicReward.mean": {
            "value": -6249.666666666667,
            "min": -6249.666666666667,
            "max": -3060.3333333333335,
            "count": 2
        },
        "CarDriver.Policy.ExtrinsicReward.sum": {
            "value": -18749.0,
            "min": -18749.0,
            "max": -18362.0,
            "count": 2
        },
        "CarDriver.Losses.PolicyLoss.mean": {
            "value": 0.024568134819467867,
            "min": 0.02378774331882596,
            "max": 0.024568134819467867,
            "count": 2
        },
        "CarDriver.Losses.PolicyLoss.sum": {
            "value": 0.12284067409733933,
            "min": 0.09515097327530384,
            "max": 0.12284067409733933,
            "count": 2
        },
        "CarDriver.Losses.ValueLoss.mean": {
            "value": 844.0814092000326,
            "min": 844.0814092000326,
            "max": 1574.81435546875,
            "count": 2
        },
        "CarDriver.Losses.ValueLoss.sum": {
            "value": 4220.407046000163,
            "min": 4220.407046000163,
            "max": 6299.257421875,
            "count": 2
        },
        "CarDriver.Policy.LearningRate.mean": {
            "value": 0.00025652041449319995,
            "min": 0.00025652041449319995,
            "max": 0.00028447965517345,
            "count": 2
        },
        "CarDriver.Policy.LearningRate.sum": {
            "value": 0.0012826020724659999,
            "min": 0.0011379186206938,
            "max": 0.0012826020724659999,
            "count": 2
        },
        "CarDriver.Policy.Epsilon.mean": {
            "value": 0.18550679999999994,
            "min": 0.18550679999999994,
            "max": 0.19482655,
            "count": 2
        },
        "CarDriver.Policy.Epsilon.sum": {
            "value": 0.9275339999999997,
            "min": 0.7793062,
            "max": 0.9275339999999997,
            "count": 2
        },
        "CarDriver.Policy.Beta.mean": {
            "value": 0.00427678932,
            "min": 0.00427678932,
            "max": 0.004741844844999999,
            "count": 2
        },
        "CarDriver.Policy.Beta.sum": {
            "value": 0.0213839466,
            "min": 0.018967379379999996,
            "max": 0.0213839466,
            "count": 2
        },
        "CarDriver.IsTraining.mean": {
            "value": 1.0,
            "min": 1.0,
            "max": 1.0,
            "count": 2
        },
        "CarDriver.IsTraining.sum": {
            "value": 1.0,
            "min": 1.0,
            "max": 1.0,
            "count": 2
        }
    },
    "metadata": {
        "timer_format_version": "0.1.0",
        "start_time_seconds": "1684916320",
        "python_version": "3.9.13 (tags/v3.9.13:6de2ca5, May 17 2022, 16:36:42) [MSC v.1929 64 bit (AMD64)]",
        "command_line_arguments": "C:\\GitHub\\AI-Traffic-Simulation-And-Infrastracture-Building-System\\venv\\Scripts\\mlagents-learn --force",
        "mlagents_version": "0.30.0",
        "mlagents_envs_version": "0.30.0",
        "communication_protocol_version": "1.5.0",
        "pytorch_version": "1.7.1+cu110",
        "numpy_version": "1.21.2",
        "end_time_seconds": "1684916806"
    },
    "total": 486.3885642,
    "count": 1,
    "self": 0.005578700000000936,
    "children": {
        "run_training.setup": {
            "total": 0.0761828,
            "count": 1,
            "self": 0.0761828
        },
        "TrainerController.start_learning": {
            "total": 486.3068027,
            "count": 1,
            "self": 0.5165804999926991,
            "children": {
                "TrainerController._reset_env": {
                    "total": 6.7183988999999995,
                    "count": 1,
                    "self": 6.7183988999999995
                },
                "TrainerController.advance": {
                    "total": 478.97847490000726,
                    "count": 29167,
                    "self": 0.40677210000325204,
                    "children": {
                        "env_step": {
                            "total": 442.80312919999824,
                            "count": 29167,
                            "self": 317.2517493999925,
                            "children": {
                                "SubprocessEnvManager._take_step": {
                                    "total": 125.23941759999727,
                                    "count": 29169,
                                    "self": 1.3669898999981456,
                                    "children": {
                                        "TorchPolicy.evaluate": {
                                            "total": 123.87242769999912,
                                            "count": 29169,
                                            "self": 123.87242769999912
                                        }
                                    }
                                },
                                "workers": {
                                    "total": 0.31196220000844477,
                                    "count": 29166,
                                    "self": 0.0,
                                    "children": {
                                        "worker_root": {
                                            "total": 316.5282690000011,
                                            "count": 29166,
                                            "is_parallel": true,
                                            "self": 186.71223850000135,
                                            "children": {
                                                "steps_from_proto": {
                                                    "total": 0.0015472999999950332,
                                                    "count": 3,
                                                    "is_parallel": true,
                                                    "self": 0.0005585000000039031,