{
    "name": "root",
    "gauges": {
        "CarDriver.Policy.Entropy.mean": {
            "value": 1.6746270656585693,
            "min": 1.6746270656585693,
            "max": 1.7146466970443726,
            "count": 5
        },
        "CarDriver.Policy.Entropy.sum": {
            "value": 83748.1015625,
            "min": 60558.921875,
            "max": 85770.0546875,
            "count": 5
        },
        "CarDriver.Step.mean": {
            "value": 1749974.0,
            "min": 1549963.0,
            "max": 1749974.0,
            "count": 5
        },
        "CarDriver.Step.sum": {
            "value": 1749974.0,
            "min": 1549963.0,
            "max": 1749974.0,
            "count": 5
        },
        "CarDriver.Policy.ExtrinsicValueEstimate.mean": {
            "value": 0.21795479953289032,
            "min": 0.18859227001667023,
            "max": 0.439493328332901,
            "count": 5
        },
        "CarDriver.Policy.ExtrinsicValueEstimate.sum": {
            "value": 186.78726196289062,
            "min": 162.00076293945312,
            "max": 280.83624267578125,
            "count": 5
        },
        "CarDriver.Environment.EpisodeLength.mean": {
            "value": 365.54347826086956,
            "min": 243.006993006993,
            "max": 373.75373134328356,
            "count": 5
        },
        "CarDriver.Environment.EpisodeLength.sum": {
            "value": 50445.0,
            "min": 34750.0,
            "max": 50445.0,
            "count": 5
        },
        "CarDriver.Environment.CumulativeReward.mean": {
            "value": 1.0950002251192927,
            "min": 0.12639875629252487,
            "max": 1.353209208919486,
            "count": 5
        },
        "CarDriver.Environment.CumulativeReward.sum": {
            "value": 151.1100310664624,
            "min": 18.075022149831057,
            "max": 181.33003399521112,
            "count": 5
        },
        "CarDriver.Policy.ExtrinsicReward.mean": {
            "value": 1.0950002251192927,
            "min": 0.12639875629252487,
            "max": 1.353209208919486,
            "count": 5
        },
        "CarDriver.Policy.ExtrinsicReward.sum": {
            "value": 151.1100310664624,
            "min": 18.075022149831057,
            "max": 181.33003399521112,
            "count": 5
        },
        "CarDriver.Losses.PolicyLoss.mean": {
            "value": 0.022230963698045038,
            "min": 0.022230963698045038,
            "max": 0.02505581536175062,
            "count": 5
        },
        "CarDriver.Losses.PolicyLoss.sum": {
            "value": 0.08892385479218015,
            "min": 0.06838561173838874,
            "max": 0.1252790768087531,
            "count": 5
        },
        "CarDriver.Losses.ValueLoss.mean": {
            "value": 0.16099623938401542,
            "min": 0.14254611670970915,
            "max": 0.19487575127018822,
            "count": 5
        },
        "CarDriver.Losses.ValueLoss.sum": {
            "value": 0.6439849575360617,
            "min": 0.5846272538105647,
            "max": 0.9242308606704075,
            "count": 5
        },
        "CarDriver.Policy.LearningRate.mean": {
            "value": 0.00019650430949857498,
            "min": 0.00019650430949857498,
            "max": 0.00020791053069650004,
            "count": 5
        },
        "CarDriver.Policy.LearningRate.sum": {
            "value": 0.0007860172379942999,
            "min": 0.0006237315920895001,
            "max": 0.00102724533758494,
            "count": 5
        },
        "CarDriver.Policy.Epsilon.mean": {
            "value": 0.165501425,
            "min": 0.165501425,
            "max": 0.16930349999999997,
            "count": 5
        },
        "CarDriver.Policy.Epsilon.sum": {
            "value": 0.6620057,
            "min": 0.5079104999999999,
            "max": 0.8424150600000001,
            "count": 5
        },
        "CarDriver.Policy.Beta.mean": {
            "value": 0.003278521107500001,
            "min": 0.003278521107500001,
            "max": 0.0034682446500000005,
            "count": 5
        },
        "CarDriver.Policy.Beta.sum": {
            "value": 0.013114084430000004,
            "min": 0.010404733950000002,
            "max": 0.017136511494,
            "count": 5
        },
        "CarDriver.IsTraining.mean": {
            "value": 1.0,
            "min": 1.0,
            "max": 1.0,
            "count": 5
        },
        "CarDriver.IsTraining.sum": {
            "value": 1.0,
            "min": 1.0,
            "max": 1.0,
            "count": 5
        }
    },
    "metadata": {
        "timer_format_version": "0.1.0",
        "start_time_seconds": "1686229865",
        "python_version": "3.9.13 (tags/v3.9.13:6de2ca5, May 17 2022, 16:36:42) [MSC v.1929 64 bit (AMD64)]",
        "command_line_arguments": "C:\\Users\\ArSMa\\Desktop\\AI-Traffic-Simulation\\AI-Traffic-Simulation-And-Infrastracture-Building-System\\venv\\Scripts\\mlagents-learn --resume config\\CarDriver.yaml",
        "mlagents_version": "0.30.0",
        "mlagents_envs_version": "0.30.0",
        "communication_protocol_version": "1.5.0",
        "pytorch_version": "1.7.1+cu110",
        "numpy_version": "1.21.2",
        "end_time_seconds": "1686230240"
    },
    "total": 375.5936841,
    "count": 1,
    "self": 0.005148899999994683,
    "children": {
        "run_training.setup": {
            "total": 0.09006360000000013,
            "count": 1,
            "self": 0.09006360000000013
        },
        "TrainerController.start_learning": {
            "total": 375.4984716,
            "count": 1,
            "self": 0.6255808000005914,
            "children": {
                "TrainerController._reset_env": {
                    "total": 37.054626999999996,
                    "count": 1,
                    "self": 37.054626999999996
                },
                "TrainerController.advance": {
                    "total": 337.73144709999946,
                    "count": 42051,
                    "self": 0.5272309000013706,
                    "children": {
                        "env_step": {
                            "total": 270.85623949999933,
                            "count": 42051,
                            "self": 139.26778820000067,
                            "children": {
                                "SubprocessEnvManager._take_step": {
                                    "total": 131.18952740000208,
                                    "count": 42051,
                                    "self": 1.742780899991942,
                                    "children": {
                                        "TorchPolicy.evaluate": {
                                            "total": 129.44674650001014,
                                            "count": 42051,
                                            "self": 129.44674650001014
                                        }
                                    }
                                },
                                "workers": {
                                    "total": 0.3989238999965963,
                                    "count": 42050,
                                    "self": 0.0,
                                    "children": {
                                        "worker_root": {
                                            "total": 336.1220946000005,
                                            "count": 42050,
                                            "is_parallel": true,
                                            "self": 232.1199020999993,
                                            "children": {
                                                "steps_from_proto": {
                                                    "total": 0.00045309999999432193,
                                                    "count": 1,
                                                    "is_parallel": true,